﻿Materials:,,,,,
Item Name:,# Needed:,cost Ea:,total:,purpose/notes,Purchace link:
Arduino Mega,1,$12.00,$12.00,main controller,
Mega prototype shield,1,$3.00,$3.00,connector interface and power distribution,https://www.ebay.com/sch/i.html?_from=R40&_sacat=0&_nkw=protoshield+v3&_sop=15
"Rasbery Pi (1,2, or 3 - not zero)",1,$35.00,$35.00,Data logging and webservr,
PC power supply,1,$40.00,$40.00,Power,
PC power splitters,3,$1.45,$4.35,interface to power supply,https://www.ebay.com/sch/i.html?_from=R40&_sacat=0&_nkw=4Pin+female+1-to-2+4pin+male+Power+Supply+Y+Splitter&_sop=15
Stand off assortment,1,$4.45,$4.45,mountng for electronics,https://www.ebay.com/sch/i.html?_odkw=4Pin+female+1-to-2+4pin+male+Power+Supply+Y+Splitter&_sop=15&_osacat=0&_from=R40&_trksid=m570.l1313&_nkw=PC+stand+off+assortment&_sacat=0
misc small PC screws,1,$4.50,$4.50,general fatening and mounting,
mounting screw assortment,1,$4.50,$4.50,mounting to wall/stand,
60mm 12v PC fan,1,$1.10,$1.10,fan for controller,https://www.ebay.com/sch/i.html?_sop=15&_from=R40&_sacat=0&_nkw=60mm+12v+PC+fan&rt=nc&LH_BIN=1
120MM 12v PC fan,4,$2.40,$9.60,fans for canopy and base cooling,https://www.ebay.com/sch/i.html?_odkw=60mm+12v+PC+fan&_sop=15&LH_BIN=1&_osacat=0&_from=R40&_trksid=m570.l1313&_nkw=120MM+12v+PC+fan&_sacat=0
float switch ,2,$0.99,$1.98,water level sensor,https://www.ebay.com/sch/i.html?_from=R40&_sacat=0&_sop=15&_nkw=Water+Level+Sensor+Float+Switch+For+Aquarium&rt=nc&LH_BIN=1
seloinoid valve,2,$10.80,$21.60,water flow controll/top off,https://www.ebay.com/itm/1-4-12VDC-NC-Electric-Solenoid-Valve-Push-In-Connectors-Quick-Connect-12V-/300838831941
5v DC 4 relay controll board,3,$2.40,$7.20,"8 relays for 12v DC, 4 for 120v AC",https://www.ebay.com/sch/i.html?_from=R40&_sacat=0&_nkw=4+Channel+5V+Relay+Module&_sop=15
5v DC 2 SSR controll board,1,$2.04,$2.04,2x 120v AC relay for power heads/wavemaker,https://www.ebay.com/sch/i.html?_from=R40&_sacat=0&_nkw=SSR+5V+Relay+Module&_sop=15
RTC board,1,$0.99,$0.99,Clock,https://www.ebay.com/sch/i.html?_from=R40&_trksid=m570.l1313&_nkw=AR+I2C+Tiny+Precision+RTC+Real+Time+Clock&_sacat=0
DHT11 humidity sensor,1,$1.20,$1.20,humidity sensor,https://www.taydaelectronics.com/dht11-temp-humid-sensor-html.html
loose ds18b20,3,$1.75,$5.25,one wire thermometer,https://www.taydaelectronics.com/ds18b20-1-wire-digital-temperature-sensor-ic-dallas.html
wired waterproof ds18b20,2,$1.50,$3.00,waterproof one wire thermometer,https://www.ebay.com/sch/i.html?_from=R40&_trksid=m570.l1313&_nkw=waterproof+ds18b20&_sacat=0
Outlet,1,$1.00,$1.00,SSR relay/wavemaker hardware,hardware store
deep outlet box,1,$1.00,$1.00,SSR relay/wavemaker hardware,hardware store
outlet cover plate,1,$1.00,$1.00,SSR relay/wavemaker hardware,hardware store
6ft extension cord,1,$2.00,$2.00,SSR relay/wavemaker hardware,hardware store
outlet power box/strip,1,$5.00,$5.00,120V power relay hardware,https://www.ebay.com/itm/6-Outlet-Metal-Surge-Protector-Power-Strip-250-Joules-UL-3-Cord-New/282082669684
white LED's,37,$0.05,$1.85,moonlight,
NPN transistor,15,$0.05,$0.75,moonlight,
diode,7,$0.05,$0.35,moonlight,
1/8w 10k resistor,8,$0.02,$0.16, moonlight pull down and DHT11 pull up,
1/8w 4.2k resistor,1,$0.02,$0.02,ds18b20 pull up,
1/4 w 120 ohm resistor,7,$0.03,$0.21,moonlight,
74HC595,1,$0.30,$0.30,moonlight,https://www.taydaelectronics.com/74hc595-8-bit-shift-register-ic.html
Heat shrink assortment,1,$1.50,$1.50,wiring,https://www.ebay.com/sch/i.html?_from=R40&_sacat=0&_sop=15&_nkw=heat+shrink+assortment&rt=nc&LH_BIN=1
2.54 mm molex Connectors:,,,,all 5v and data lines + 12v fans,https://www.taydaelectronics.com/connectors-sockets/wafer-housing-crimp-terminal/serie-2500-2-54mm.html
6 pin male,7,$0.05,$0.35,,
6 pin female,10,$0.04,$0.40,,
4 pin male,4,$0.04,$0.16,,
4 pin female,4,$0.03,$0.12,,
3 pin male,8,$0.30,$2.40,,
3 pin female,8,$0.03,$0.24,,
2 pin male,25,$0.02,$0.50,,
2 pin female,25,$0.02,$0.50,,
crimp pins (for female),160,$0.03,$4.80,,
,,,$0.00,,
4 pin 5mm terminal block - male,6,$0.50,$3.00,12v 10A lights,
4 pin 5mm terminal block - female,6,$0.70,$4.20,12v 10A lights,
,,,$0.00,,
100ft cat5\cat3 cable,1,$15.00,$15.00,(only need about 60 ft),
50ft 16/6  cable,1,$25.00,$25.00,12v 10A lights - power and dimming,
,,,,,
Total:,,,$233.57,,
